{"val_mape":0.3576906353159647,"test_mae_node_max":3026.6946311924235,"final_test_rmse":961.735716,"final_test_mae_node_worst":3026.6946311924235,"val_mae_norm":0.15096345401815212,"val_mae":236.72633216570574,"test_device":"cpu","test_mape_node_std":1.3099708736413822,"val_rmse":559.7933698845374,"final_test_mape":0.634587,"test_rmse_norm":0.5977251681315998,"total_train_time_min":4.6556,"val_rmse_norm":0.32613941955130593,"test_data_shape":"33307x16","test_norm_method":"z_score","test_mape_norm":0.3808451608796452,"dataset_name":"Germany_processed_0","_timestamp":1.7482670878019552e+09,"epoch":0,"total_params":1059815,"test_samples":33293,"test_mae_node_std":735.3750892004609,"test_rmse_node_std":788.985813580026,"_step":8,"run_id":0,"test_duration_seconds":11.050733,"_runtime":291.436645192,"test_rmse_node_max":3030.6872831868804,"final_test_mape_node_worst":5,"final_test_mae_node_count":16,"test_mape_node_mean":0.6345872797638523,"test_mae_norm":0.27726004278825644,"final_test_mape_node_best":0.009336974377272293,"test_mae_node_mean":433.6832048566547,"experiment_name":"test_enhanced_features","epoch_time":256.3401873111725,"final_test_rmse_node_worst":3030.6872831868804,"val_mape_norm":0.36926688828865645,"test_mape_node_max":5,"best_epoch":0,"test_mae_node_min":0.5246432574118349,"train_loss":0.05647150086212519,"test_horizon":3,"test_mape":0.6345872797638541,"_wandb":{"runtime":291},"final_test_mae_node_best":0.5246432574118349,"best_val_mae":236.72633216570574,"test_window_size":12,"final_test_rmse_node_best":0.738055721323329,"learning_rate":0.0001,"test_mape_node_min":0.009336974377272293,"test_batches":2081,"test_rmse_node_mean":549.9426996792804,"test_batch_size":16,"total_eval_time_min":0.1843,"test_mae":433.6832048566533,"final_test_mae":433.683205,"test_rmse_node_min":0.738055721323329,"test_rmse":961.735715756185}