{"test_norm_method":"z_score","test_mae_node_min":0.020897840609109986,"final_test_mape":1.37636,"final_test_mape_node_worst":4.292001511375089,"train_loss":0.5701511132723679,"test_duration_seconds":1.156806,"_timestamp":1.748295036817343e+09,"test_batches":520,"test_rmse":0.20537244317681094,"val_mae":0.10943817796692591,"total_train_time_min":8.1644,"total_eval_time_min":0.0194,"run_id":0,"test_mae_node_mean":0.1437233734699877,"val_rmse":0.15926623643735316,"final_test_rmse_node_worst":0.339027523354487,"test_mae_node_max":0.3085348669556077,"test_samples":16638,"val_mape":1.0427068745660784,"test_mae":0.14372337346998795,"_step":126,"final_test_mae_node_best":0.020897840609109986,"dataset_name":"France_processed_0","epoch":49,"final_test_mae":0.143723,"test_window_size":12,"test_batch_size":32,"val_mae_norm":0.6490359158409095,"val_rmse_norm":0.9249281412224069,"test_mape_node_mean":1.3763598108177557,"final_test_mae_node_worst":0.3085348669556077,"experiment_name":"France_processed_0_20250526_232222","test_rmse_node_min":0.030614419795368903,"test_mape_node_max":4.292001511375089,"test_rmse_node_mean":0.1823071910536916,"test_mape":1.3763598108177537,"val_mape_norm":0.8841174924931513,"test_mape_node_min":0.08754748452988537,"test_rmse_norm":1.1391877461091864,"_wandb":{"runtime":492},"final_test_rmse":0.205372,"test_data_shape":"16652x10","test_horizon":3,"final_test_mape_node_best":0.08754748452988537,"total_params":1059083,"_runtime":492.775608781,"learning_rate":9.765625e-08,"epoch_time":8.704095840454102,"best_val_mae":0.10942433668853171,"test_mape_norm":0.9167642338055952,"test_rmse_node_max":0.339027523354487,"test_device":"cuda:0","final_test_rmse_node_best":0.030614419795368903,"best_epoch":42,"test_mae_node_std":0.08247297988267119,"final_test_mae_node_count":10,"test_rmse_node_std":0.09456177085125472,"test_mae_norm":0.8211539742855506,"test_mape_node_std":1.1976880420084495}