{"valid/loss":0.0192,"test/horizon_mae":0.0199,"best_valid/loss":0.019,"_step":213,"test/avg_mape":0.1412,"valid/mape":0.1269,"valid/rmse":0.0305,"test/avg_rmse":0.0335,"test/horizon_mape":0.1515,"_wandb":{"runtime":448},"epoch":5,"horizon":96,"_runtime":448.311659648,"train/mape":0.1076,"test/horizon_rmse":0.0348,"_timestamp":1.7559601320528471e+09,"test/avg_mae":0.0187,"train/rmse":0.0271,"train/loss":0.0169}