{"_step":1,"total_params":1059815,"_timestamp":1.7482640206084576e+09,"interrupted":true,"_wandb":{"runtime":10},"_runtime":10.636631328}