{"train/mape":0.0869,"_step":175,"train/loss":0.1728,"_runtime":106.613694434,"valid/loss":0.4035,"test/horizon_mape":-0.2599,"test/avg_mape":-0.0909,"test/horizon_mae":0.4437,"_timestamp":1.7559816861948247e+09,"test/avg_rmse":0.5086,"test/avg_mae":0.3622,"test/horizon_rmse":0.5693,"epoch":50,"valid/mape":0.1147,"valid/rmse":0.5663,"best_valid/loss":0.3678,"horizon":12,"train/rmse":0.3171,"_wandb":{"runtime":106}}