{"experiment_name":"ECG_data_20250526_160859","total_eval_time_min":0.0026,"val_mape_norm":0.9732497042845669,"test_mape_norm":1.1052626701120556,"test_mape_node_min":0.3199674020629375,"test_rmse_node_min":0.1978448650388891,"test_mae_node_min":0.13054389681699824,"_wandb":{"runtime":104},"val_mae_norm":0.6301890105771215,"test_mae_norm":0.6272155082357425,"final_test_mape_node_worst":1.4826163143862525,"total_train_time_min":1.7298,"final_test_mape":0.8886,"test_rmse":0.5166919515309051,"test_batches":16,"_step":128,"test_mae":0.3126232044513538,"_timestamp":1.748268645907063e+09,"best_epoch":45,"dataset_name":"ECG_data","final_test_mae_node_worst":1.1440981588003303,"test_rmse_node_std":0.2745962298749924,"run_id":0,"test_mape_node_mean":0.8885995660589665,"test_device":"cuda:0","test_rmse_norm":0.89722518624984,"final_test_mae_node_count":140,"test_mae_node_max":1.1440981588003303,"final_test_mae_node_best":0.13054389681699824,"total_params":1123303,"final_test_rmse_node_worst":1.4199491052459323,"test_rmse_node_max":1.4199491052459323,"test_rmse_node_mean":0.4376842278575452,"train_loss":0.7980558713641736,"val_rmse_norm":0.896489389124839,"test_batch_size":32,"test_samples":486,"test_duration_seconds":0.148306,"val_rmse":0.5500691435409487,"final_test_mape_node_best":0.3199674020629375,"test_mape_node_max":1.4826163143862525,"epoch":49,"final_test_mae":0.312623,"test_mape":0.8885995660589665,"test_window_size":12,"test_mae_node_mean":0.31262320445135366,"val_mae":0.32049728856083975,"final_test_rmse_node_best":0.1978448650388891,"best_val_mae":0.3204833485205376,"test_mape_node_std":0.2968366879588687,"test_horizon":3,"val_mape":0.9093451885371593,"_runtime":104.645600243,"test_mae_node_std":0.2133353902501316,"test_norm_method":"z_score","test_data_shape":"500x140","learning_rate":9.765625e-08,"epoch_time":1.6560394763946533,"final_test_rmse":0.516692}