{"final_test_mae":0.313443,"test_rmse":0.5182370009059277,"learning_rate":9.765625e-08,"epoch":49,"val_mae_norm":0.6381053563263811,"train_loss":0.7993454074640887,"_step":361,"test_mape_norm":1.1063545649425128,"run_id":2,"val_mae":0.32684846215031876,"_wandb":{"runtime":329},"_runtime":329.466525542,"final_test_rmse":0.518237,"total_params":1123303,"val_rmse":0.5612007337182093,"val_mape_norm":0.9855305730573657,"total_eval_time":0.0026,"test_mae":0.31344315520782656,"final_test_mape":0.886346,"best_epoch":34,"best_val_mae":0.3268032993853504,"test_mae_norm":0.6281249011841624,"_timestamp":1.7482667937635043e+09,"total_train_time":1.87,"test_mape":0.8863461057370025,"val_mape":0.910023777149439,"val_rmse_norm":0.9031328536485423,"epoch_time":1.8577404022216797,"test_rmse_norm":0.8981123703302734}