{"total_params":1123303,"_timestamp":1.748267737323071e+09,"_runtime":1.273634606,"_wandb":{"runtime":594},"_step":0}