{"test/horizon_mae":0.4286,"test/avg_rmse":0.5055,"valid/mape":0.0948,"best_valid/loss":0.3687,"test/horizon_mape":-0.1237,"test/avg_mape":-0.0306,"train/rmse":0.3178,"train/loss":0.1781,"test/avg_mae":0.3566,"_wandb":{"runtime":105},"test/horizon_rmse":0.5503,"valid/rmse":0.5663,"_timestamp":1.7559685851408734e+09,"valid/loss":0.4094,"epoch":50,"_runtime":105.960178583,"_step":175,"train/mape":0.0642,"horizon":12}