{"final_test_mae_node_best":0.02130488981172088,"train_loss":0.5839050442454974,"test_batches":520,"test_mae_node_mean":0.14586877561245187,"_wandb":{"runtime":489},"test_samples":16636,"_runtime":489.96583898,"test_mae_node_min":0.02130488981172088,"test_rmse_node_mean":0.1838276493305438,"test_batch_size":32,"epoch":49,"best_epoch":38,"test_mape":1.3852337701864872,"_timestamp":1.7484661430229983e+09,"experiment_name":"France_processed_0_20250528_225411","total_eval_time_min":0.0222,"_step":130,"test_rmse_node_std":0.09506338218411427,"final_test_rmse_node_best":0.031849732706461346,"test_rmse_node_max":0.33904210702618404,"best_val_mae":0.11215928692533964,"test_mae_norm":0.8334669779343586,"test_mae_node_max":0.308543941523762,"test_window_size":12,"test_data_shape":"16653x10","run_id":0,"test_mape_node_mean":1.3852337701864863,"val_mae":0.11217823110558232,"test_mape_norm":0.9536633271936096,"final_test_rmse":0.206953,"test_device":"cuda:0","final_test_mae_node_worst":0.308543941523762,"test_rmse_norm":1.1485263670491528,"test_mae_node_std":0.08300314095782292,"final_test_mape":1.385234,"test_mae":0.14586877561245232,"test_duration_seconds":1.318596,"final_test_mape_node_best":0.08656956281496932,"dataset_name":"France_processed_0","test_mape_node_std":1.2003329121181279,"final_test_mae":0.145869,"val_rmse":0.1612611555534977,"test_horizon":6,"test_norm_method":"z_score","total_train_time_min":8.1127,"final_test_mape_node_worst":4.293567110730465,"val_mape_norm":0.9288844394404854,"test_rmse":0.20695325870997153,"epoch_time":9.935405492782593,"final_test_mae_node_count":10,"learning_rate":9.765625e-08,"val_mape":1.0519719826051188,"test_mape_node_min":0.08656956281496932,"val_rmse_norm":0.936070047982719,"test_mape_node_max":4.293567110730465,"total_params":1059122,"val_mae_norm":0.6646122858520929,"final_test_rmse_node_worst":0.33904210702618404,"test_rmse_node_min":0.031849732706461346}