{"valid/rmse":0.0305,"train/loss":0.0157,"train/rmse":0.0253,"_wandb":{"runtime":611},"valid/mape":0.1247,"best_valid/loss":0.0189,"test/horizon_mae":0.0197,"test/horizon_mape":0.1536,"test/avg_mae":0.0185,"test/avg_mape":0.1442,"horizon":96,"_timestamp":1.7559670258552933e+09,"test/horizon_rmse":0.0345,"test/avg_rmse":0.0331,"train/mape":0.1001,"valid/loss":0.0191,"_step":318,"_runtime":611.130455005,"epoch":10}