{"final_test_mae_node_best":0.02074156858493319,"test_mae_norm":0.7975652203021509,"test_mae_node_std":0.07992603394548159,"final_test_rmse_node_worst":0.3502753531187427,"test_mape_node_mean":1.3465816869981269,"test_mae":0.12688609213834232,"epoch_time":10.04627776145935,"final_test_mae_node_worst":0.29749622909469237,"test_batches":260,"dataset_name":"France_processed_0","final_test_rmse":0.181612,"val_mae_norm":0.7718076210173967,"test_mae_node_mean":0.1268860921383423,"_runtime":29.129839236,"_timestamp":1.7482935533070674e+09,"total_params":1059083,"final_test_mape":1.346582,"total_train_time_min":0,"experiment_name":"France_processed_0_20250526_230522","final_test_mae":0.126886,"val_mae":0.11795619217399748,"test_rmse_node_std":0.09114538316448319,"val_rmse":0.16363263067084174,"test_batch_size":32,"_wandb":{"runtime":29},"test_rmse":0.18161182508936982,"test_duration_seconds":0.668339,"train_loss":0.5858901510652378,"test_norm_method":"z_score","learning_rate":0.0001,"test_data_shape":"8327x10","best_epoch":1,"test_mape_node_min":0.05625102245561765,"test_mape_node_std":1.3577230599096368,"test_samples":8313,"val_mape":1.1387993292236593,"test_mape_node_max":4.546622036034154,"test_rmse_norm":1.125466887445223,"test_device":"cuda:0","test_mape_norm":0.9117432959564601,"test_rmse_node_min":0.027505612997968568,"total_eval_time_min":0.0113,"test_horizon":3,"final_test_mape_node_worst":4.546622036034154,"val_rmse_norm":1.0615494189901094,"val_mape_norm":0.9235296576460079,"test_mae_node_max":0.29749622909469237,"test_rmse_node_max":0.3502753531187427,"_step":12,"best_val_mae":0.11795619217399748,"final_test_mape_node_best":0.05625102245561765,"interrupted":true,"test_mape":1.3465816869981295,"test_mae_node_min":0.02074156858493319,"run_id":0,"final_test_rmse_node_best":0.027505612997968568,"test_window_size":12,"test_rmse_node_mean":0.15708397162056786,"final_test_mae_node_count":10,"epoch":1}