{"test_mape_node_std":1.1983228668956976,"test_mape_node_mean":1.3832382302524588,"test_device":"cuda:0","total_params":1059083,"epoch":0,"final_test_rmse_node_best":0.030898165645510553,"test_rmse":0.2074748245661509,"test_mae_node_max":0.30849309450315776,"run_id":0,"total_train_time_min":0.1707,"total_eval_time_min":0.02,"test_batches":520,"learning_rate":0.0001,"final_test_mae_node_count":10,"test_rmse_node_std":0.09532587244625948,"val_rmse":0.1614771896737691,"test_mae_node_mean":0.14667364943607292,"_step":8,"final_test_mae":0.146674,"val_mape_norm":0.9313928718978628,"test_mae_node_min":0.02082592053951226,"final_test_rmse_node_worst":0.3390403237869347,"test_horizon":3,"_wandb":{"runtime":13},"test_mae_norm":0.8383504010659435,"final_test_mape_node_worst":4.291465072146353,"test_mape_node_max":4.291465072146353,"test_batch_size":32,"final_test_mape_node_best":0.09942296924869352,"test_rmse_norm":1.1512245450588308,"test_mae":0.1466736494360723,"test_mape_node_min":0.09942296924869352,"train_loss":0.6786648175305289,"test_duration_seconds":1.192984,"final_test_mape":1.383238,"test_mape":1.3832382302524528,"test_mae_node_std":0.08247646107959274,"test_mape_norm":0.938523511349949,"final_test_mae_node_worst":0.30849309450315776,"test_data_shape":"16653x10","_timestamp":1.7484655125529232e+09,"test_window_size":12,"test_samples":16639,"final_test_rmse":0.207475,"best_val_mae":0.11248783447457088,"experiment_name":"France_processed_0_20250528_225137","val_rmse_norm":0.9369216713433384,"_runtime":13.496398378,"val_mae":0.11248783447457088,"test_rmse_node_max":0.3390403237869347,"test_rmse_node_mean":0.1842790841932811,"val_mae_norm":0.6671081513240836,"test_rmse_node_min":0.030898165645510553,"dataset_name":"France_processed_0","val_mape":1.0535316579282328,"epoch_time":9.121010065078735,"final_test_mae_node_best":0.02082592053951226,"test_norm_method":"z_score","best_epoch":0}