{"epoch":49,"val_mae_norm":0.6301890105771215,"test_mae_norm":0.6272155082357425,"final_test_mape":0.8885995660589665,"test_mape_norm":1.1052626701120556,"test_mape":0.8885995660589665,"val_mape":0.9093451885371593,"final_test_rmse":0.5166919515309051,"best_val_mae":0.3204833485205376,"_timestamp":1.7482610407713315e+09,"val_rmse_norm":0.896489389124839,"val_mae":0.32049728856083975,"run_id":0,"best_epoch":45,"val_rmse":0.5500691435409487,"_wandb":{"runtime":92},"val_mape_norm":0.9732497042845669,"total_params":1123303,"test_rmse_norm":0.89722518624984,"learning_rate":9.765625e-08,"test_rmse":0.5166919515309051,"train_loss":0.7980558713641736,"_step":125,"total_train_time":1.5253868500391643,"final_test_mae":0.3126232044513538,"total_eval_time":0.002403215567270915,"test_mae":0.3126232044513538,"epoch_time":1.457716941833496,"_runtime":92.470864725}