{"test_batch_size":32,"test_norm_method":"z_score","test_mae":0.3126439514097599,"_timestamp":1.7482673107650845e+09,"train_loss":0.7980509848769651,"final_test_mae_node_worst":1.144087872811277,"test_duration_seconds":0.162862,"final_test_mape_node_best":0.31994715315781075,"test_device":"cuda:0","total_train_time_min":0,"val_mape":0.9094458205463736,"test_mae_node_min":0.13054345092577313,"interrupted":true,"epoch":43,"best_val_mae":0.3205344797964912,"dataset_name":"ECG_data","test_mape_node_std":0.2967709833809572,"final_test_mape":0.888545,"test_samples":486,"test_rmse_node_max":1.4199351079392348,"test_mae_node_std":0.21337763039550028,"val_mape_norm":0.9732579790171839,"test_rmse_norm":0.8972231994533593,"final_test_mae_node_best":0.13054345092577313,"total_params":1123303,"test_mape":0.8885445534637457,"val_mae":0.3205344797964912,"experiment_name":"ECG_data_20250526_154658","test_mape_node_mean":0.888544553463746,"_wandb":{"runtime":91},"final_test_mape_node_worst":1.4825337721292482,"test_mae_norm":0.6272336220833568,"test_rmse":0.5167126868698061,"test_horizon":3,"test_mae_node_mean":0.31264395140975987,"final_test_mae_node_count":140,"epoch_time":1.6688861846923828,"final_test_rmse":0.516713,"test_mape_node_max":1.4825337721292482,"test_rmse_node_min":0.19784274687372494,"final_test_mae":0.312644,"best_epoch":43,"val_rmse_norm":0.8965380971221788,"run_id":0,"val_rmse":0.5501287802471501,"test_batches":16,"_step":115,"test_rmse_node_mean":0.4376902534566844,"test_mape_node_min":0.31994715315781075,"learning_rate":3.90625e-07,"total_eval_time_min":0.0029,"_runtime":90.992441303,"final_test_rmse_node_worst":1.4199351079392348,"test_mape_norm":1.1049807426731721,"test_mae_node_max":1.144087872811277,"test_window_size":12,"test_data_shape":"500x140","val_mae_norm":0.6302237669314609,"test_rmse_node_std":0.2746256411940401,"final_test_rmse_node_best":0.19784274687372494}