{"_step":125,"train_loss":0.7980558713641736,"val_mape_norm":0.9732497042845669,"test_mape_norm":1.1052626701120556,"learning_rate":9.765625e-08,"epoch":49,"run_id":0,"best_val_mae":0.3204833485205376,"final_test_rmse":0.5166919515309051,"test_mae":0.3126232044513538,"_wandb":{"runtime":97},"val_rmse_norm":0.896489389124839,"_timestamp":1.7482623485292456e+09,"total_train_time":1.6148403326670329,"best_epoch":45,"_runtime":97.862856841,"final_test_mape":0.8885995660589665,"test_mape":0.8885995660589665,"val_rmse":0.5500691435409487,"epoch_time":1.5647480487823486,"val_mape":0.9093451885371593,"val_mae":0.32049728856083975,"test_mae_norm":0.6272155082357425,"test_rmse":0.5166919515309051,"total_params":1123303,"total_eval_time":0.0023234009742736815,"val_mae_norm":0.6301890105771215,"final_test_mae":0.3126232044513538,"test_rmse_norm":0.89722518624984}