{"train/rmse":0.0276,"test/horizon_rmse":0.0343,"_timestamp":1.7559664085012345e+09,"test/horizon_mape":0.153,"epoch":10,"test/avg_mae":0.0185,"valid/mape":0.1213,"horizon":96,"_step":318,"test/avg_rmse":0.0332,"test/horizon_mae":0.0196,"valid/rmse":0.0308,"best_valid/loss":0.0189,"_wandb":{"runtime":1176},"_runtime":1176.964622578,"test/avg_mape":0.142,"train/loss":0.017,"train/mape":0.1071,"valid/loss":0.019}