{"test/horizon_mape":0.153,"_step":213,"train/loss":0.0153,"test/avg_mae":0.0186,"test/avg_mape":0.1415,"_runtime":471.657134932,"_wandb":{"runtime":471},"test/horizon_mae":0.0201,"test/horizon_rmse":0.0355,"epoch":5,"train/mape":0.1022,"best_valid/loss":0.0192,"horizon":96,"train/rmse":0.0243,"valid/mape":0.1212,"valid/rmse":0.0311,"valid/loss":0.0192,"test/avg_rmse":0.0335,"_timestamp":1.7559575909500265e+09}