{"val_mae":0.32049728856083975,"total_params":1123303,"final_test_mape":0.8885995660589665,"epoch":49,"test_rmse_norm":0.89722518624984,"_wandb":{"runtime":97},"val_mape":0.9093451885371593,"_step":125,"best_epoch":45,"learning_rate":9.765625e-08,"test_rmse":0.5166919515309051,"test_mape_norm":1.1052626701120556,"total_eval_time":0.0023793141047159833,"test_mae_norm":0.6272155082357425,"_runtime":97.249583813,"val_rmse":0.5500691435409487,"_timestamp":1.748260307351697e+09,"test_mae":0.3126232044513538,"final_test_mae":0.3126232044513538,"val_mape_norm":0.9732497042845669,"epoch_time":1.5999679565429688,"total_train_time":1.605895185470581,"test_mape":0.8885995660589665,"run_id":0,"val_mae_norm":0.6301890105771215,"final_test_rmse":0.5166919515309051,"train_loss":0.7980558713641736,"val_rmse_norm":0.896489389124839,"best_val_mae":0.3204833485205376}