{"test_mae":0.31344315520782656,"summary_mae_std":0.013869668558421326,"val_mape":0.910023777149439,"successful_runs":3,"summary_rmse_std":0.012057639362956542,"summary_mape_std":0.017469257643272475,"_step":362,"total_params":1123303,"final_test_mae":0.31344315520782656,"total_eval_time":0.0023708025614420573,"summary_mae_mean":0.3228376597421936,"val_mae":0.32684846215031876,"val_rmse_norm":0.9031328536485423,"val_rmse":0.5612007337182093,"learning_rate":9.765625e-08,"total_runs":3,"train_loss":0.7993454074640887,"epoch_time":1.440603256225586,"_runtime":289.795394249,"test_rmse":0.5182370009059277,"_timestamp":1.7482606874869192e+09,"test_mape_norm":1.1063545649425128,"epoch":49,"run_id":2,"final_test_rmse":0.5182370009059277,"best_val_mae":0.3268032993853504,"val_mape_norm":0.9855305730573657,"test_mae_norm":0.6281249011841624,"test_mape":0.8863461057370025,"best_epoch":34,"total_train_time":1.4725020368893942,"_wandb":{"runtime":289},"val_mae_norm":0.6381053563263811,"test_rmse_norm":0.8981123703302734,"summary_mape_mean":0.8998083256606555,"final_test_mape":0.8863461057370025,"summary_rmse_mean":0.5259788406714621}