{"valid/mape":0.1158,"test/horizon_mape":0.1543,"test/avg_mape":0.1381,"test/avg_mae":0.0178,"_step":213,"valid/rmse":0.0294,"_wandb":{"runtime":594},"train/rmse":0.0268,"test/horizon_mae":0.0197,"_runtime":594.537323912,"epoch":5,"train/loss":0.0167,"_timestamp":1.755957739143426e+09,"valid/loss":0.0182,"horizon":96,"test/avg_rmse":0.0318,"best_valid/loss":0.0182,"train/mape":0.1101,"test/horizon_rmse":0.0343}