{"_timestamp":1.7559646138180473e+09,"_runtime":1167.779144035,"_step":318,"test/horizon_mape":0.1565,"test/horizon_rmse":0.0343,"test/avg_rmse":0.0318,"test/avg_mape":0.14,"_wandb":{"runtime":1167},"valid/loss":0.0184,"test/avg_mae":0.0178,"epoch":10,"valid/mape":0.1172,"horizon":96,"train/loss":0.0163,"best_valid/loss":0.0181,"train/mape":0.1079,"train/rmse":0.027,"test/horizon_mae":0.0199,"valid/rmse":0.0294}