{"_wandb":{"runtime":107},"valid/loss":0.4103,"train/rmse":0.2945,"train/loss":0.1573,"test/avg_mae":0.3601,"best_valid/loss":0.3678,"epoch":50,"valid/mape":0.1723,"test/horizon_mae":0.4351,"test/horizon_rmse":0.5547,"horizon":12,"_runtime":107.169539278,"valid/rmse":0.5641,"_timestamp":1.7559815126769257e+09,"test/avg_mape":-0.0116,"train/mape":0.0728,"test/horizon_mape":-0.0611,"_step":175,"test/avg_rmse":0.5061}