{"test_mape_norm":0.7146524473250642,"_step":6,"total_params":1059083,"learning_rate":0.0001,"val_mae":556.6229459966644,"test_mae_norm":0.36310326664624254,"epoch_time":8.627986192703247,"_wandb":{"runtime":20},"total_eval_time":0.008518465360005696,"final_test_mae":603.4511034437389,"interrupted":true,"test_mae":603.4511034437389,"val_rmse":1124.289047755466,"val_rmse_norm":0.4908094252984891,"best_val_mae":556.6229459966644,"_timestamp":1.7482635201933026e+09,"test_rmse_norm":0.5663855150179367,"epoch":0,"total_train_time":0,"val_mae_norm":0.3175278438350807,"final_test_mape":0.8460902192324219,"val_mape":0.6358943810170194,"val_mape_norm":0.7600059564452881,"best_epoch":0,"run_id":0,"test_mape":0.8460902192324219,"final_test_rmse":1218.4335223015798,"test_rmse":1218.4335223015798,"_runtime":20.093431595,"train_loss":0.2351223903491823}