{"test/horizon_rmse":0.0345,"_step":213,"best_valid/loss":0.0182,"epoch":5,"_wandb":{"runtime":594},"train/loss":0.0166,"test/avg_mape":0.138,"test/avg_rmse":0.0319,"test/horizon_mape":0.1529,"_timestamp":1.7559517815306132e+09,"_runtime":594.315991765,"train/mape":0.1013,"valid/rmse":0.0292,"test/horizon_mae":0.0199,"train/rmse":0.0305,"valid/loss":0.0185,"test/avg_mae":0.0179,"valid/mape":0.1231,"horizon":96}