{"total_params":1123303,"_timestamp":1.7482697985921254e+09,"_runtime":1.3232395160000001,"_step":0,"_wandb":{"runtime":17}}