{"val_rmse":0.1146258167323393,"test_horizon":3,"dataset_name":"ECG_data","test_samples":486,"test_mae_node_mean":0.06082074698705255,"test_mape_node_mean":0.14159518261471418,"total_eval_time_min":0.0025,"test_rmse_node_min":0.032855990722992605,"_wandb":{"runtime":97},"test_rmse_norm":0.9832136354189374,"test_mape_node_std":0.17686236200752792,"_runtime":97.854957956,"epoch":49,"epoch_time":1.5471346378326416,"val_mae":0.07474569285494474,"total_train_time_min":1.6141,"train_loss":0.8928106487344164,"final_test_mae_node_best":0.023574898088020498,"test_mape_node_min":0.03506954964971437,"best_epoch":8,"experiment_name":"ECG_data_20250526_163018","final_test_rmse":0.093401,"test_duration_seconds":0.141223,"final_test_mape_node_worst":1.1529587720284844,"test_mae":0.06082074698705256,"test_rmse_node_max":0.2743144594769233,"val_mae_norm":0.8557424634062683,"test_rmse_node_std":0.04634828244470121,"total_params":1123303,"final_test_mae_node_worst":0.21292305791863128,"test_rmse_node_mean":0.0810896306335805,"final_test_mae":0.060821,"val_rmse_norm":1.1153901925201262,"test_mape_node_max":1.1529587720284844,"_timestamp":1.7482699172540152e+09,"final_test_mape_node_best":0.03506954964971437,"learning_rate":9.765625e-08,"test_batches":16,"test_mape":0.14159518261471424,"test_norm_method":"z_score","final_test_mae_node_count":140,"test_data_shape":"500x140","final_test_rmse_node_best":0.032855990722992605,"test_batch_size":32,"val_mape":0.1942617747066848,"test_rmse":0.09340070386171784,"best_val_mae":0.07349965603274057,"test_mae_node_min":0.023574898088020498,"run_id":0,"test_window_size":12,"test_mae_norm":0.7218436259864071,"test_mae_node_std":0.03673220566244655,"final_test_rmse_node_worst":0.2743144594769233,"final_test_mape":0.141595,"test_mape_norm":1.0009124620892276,"_step":110,"test_device":"cuda:0","val_mape_norm":0.9529712957669417,"test_mae_node_max":0.21292305791863128}