{"test_duration_seconds":0.145469,"test_rmse":0.5166919515309051,"val_mae":0.32049728856083975,"final_test_rmse_node_worst":1.4199491052459323,"test_norm_method":"z_score","final_test_rmse_node_best":0.1978448650388891,"val_rmse_norm":0.896489389124839,"dataset_name":"ECG_data","run_id":0,"test_window_size":12,"test_mae_norm":0.6272155082357425,"test_mae_node_mean":0.31262320445135366,"train_loss":0.7980558713641736,"test_mae_node_std":0.2133353902501316,"test_mape_norm":1.1052626701120556,"_timestamp":1.748267201526856e+09,"test_mape":0.8885995660589665,"val_mape_norm":0.9732497042845669,"test_device":"cuda:0","test_rmse_node_min":0.1978448650388891,"val_mae_norm":0.6301890105771215,"total_eval_time_min":0.0026,"final_test_mae_node_count":140,"val_rmse":0.5500691435409487,"test_mape_node_mean":0.8885995660589665,"test_rmse_node_mean":0.4376842278575452,"test_mape_node_max":1.4826163143862525,"test_mae":0.3126232044513538,"final_test_mae_node_worst":1.1440981588003303,"test_batches":16,"test_rmse_node_max":1.4199491052459323,"test_mape_node_std":0.2968366879588687,"best_val_mae":0.3204833485205376,"test_batch_size":32,"epoch_time":1.6837868690490723,"test_mae_node_max":1.1440981588003303,"best_epoch":45,"test_horizon":3,"val_mape":0.9093451885371593,"test_mape_node_min":0.3199674020629375,"learning_rate":9.765625e-08,"final_test_mae":0.312623,"_runtime":100.232307779,"test_rmse_node_std":0.2745962298749924,"test_mae_node_min":0.13054389681699824,"test_samples":486,"final_test_rmse":0.516692,"test_rmse_norm":0.89722518624984,"total_train_time_min":1.6548,"_step":128,"final_test_mape_node_best":0.3199674020629375,"experiment_name":"ECG_data_20250526_154500","final_test_mape":0.8886,"final_test_mape_node_worst":1.4826163143862525,"epoch":49,"test_data_shape":"500x140","_wandb":{"runtime":100},"final_test_mae_node_best":0.13054389681699824,"total_params":1123303}