{"train/mape":0.102,"test/avg_rmse":0.5129,"best_valid/loss":0.3643,"test/horizon_mae":0.4397,"train/rmse":0.3504,"test/horizon_rmse":0.5683,"_wandb":{"runtime":106},"valid/loss":0.4012,"_step":175,"_runtime":106.631806607,"valid/mape":0.0923,"horizon":12,"_timestamp":1.7559689336165304e+09,"test/avg_mape":-0.0433,"test/avg_mae":0.3628,"train/loss":0.2025,"test/horizon_mape":-0.1109,"valid/rmse":0.5609,"epoch":50}