{"_step":1074,"_wandb":{"runtime":2904},"test/avg_mape":0.0876,"test/avg_mae":0.0118,"horizon":12,"test/avg_rmse":0.0233,"_runtime":2904.788935096,"train/mape":0.0648,"test/horizon_rmse":0.0263,"epoch":50,"train/loss":0.0106,"valid/rmse":0.0229,"valid/mape":0.0766,"best_valid/loss":0.0109,"valid/loss":0.0122,"test/horizon_mae":0.0139,"train/rmse":0.0226,"_timestamp":1.7559851942969115e+09,"test/horizon_mape":0.1066}