{"val_rmse_norm":0.896489389124839,"test_mae_node_std":0.2133353902501316,"test_mape_node_max":1.4826163143862525,"test_mape_node_std":0.2968366879588687,"final_test_rmse_node_worst":1.4199491052459323,"test_mae_node_min":0.13054389681699824,"final_test_mae_node_best":0.13054389681699824,"best_epoch":45,"test_duration_seconds":0.142522,"test_window_size":12,"test_batch_size":32,"test_rmse_norm":0.89722518624984,"final_test_mae_node_count":140,"final_test_mae_node_worst":1.1440981588003303,"test_mape_node_mean":0.8885995660589665,"_wandb":{"runtime":95},"total_params":1123303,"test_mae_node_mean":0.31262320445135366,"test_rmse_node_mean":0.4376842278575452,"test_rmse":0.5166919515309051,"val_mae":0.32049728856083975,"val_rmse":0.5500691435409487,"test_mape_norm":1.1052626701120556,"test_rmse_node_std":0.2745962298749924,"total_eval_time_min":0.0025,"epoch":49,"test_mape":0.8885995660589665,"_step":128,"test_device":"cuda:0","dataset_name":"ECG_data","val_mape":0.9093451885371593,"best_val_mae":0.3204833485205376,"test_mae_node_max":1.1440981588003303,"final_test_rmse_node_best":0.1978448650388891,"_timestamp":1.7482684746150923e+09,"final_test_mae":0.312623,"run_id":0,"train_loss":0.7980558713641736,"test_mape_node_min":0.3199674020629375,"learning_rate":9.765625e-08,"test_norm_method":"z_score","test_batches":16,"_runtime":95.641121286,"final_test_mape_node_best":0.3199674020629375,"test_rmse_node_min":0.1978448650388891,"test_mae_norm":0.6272155082357425,"final_test_rmse":0.516692,"final_test_mape":0.8886,"test_data_shape":"500x140","val_mape_norm":0.9732497042845669,"total_train_time_min":1.5802,"test_rmse_node_max":1.4199491052459323,"test_samples":486,"final_test_mape_node_worst":1.4826163143862525,"test_mae":0.3126232044513538,"test_horizon":3,"epoch_time":1.5594637393951416,"experiment_name":"ECG_data_20250526_160617","val_mae_norm":0.6301890105771215}