{"test/horizon_rmse":0.5633,"test/avg_mape":-0.0516,"valid/rmse":0.5697,"train/rmse":0.3489,"valid/loss":0.4098,"_timestamp":1.755981861435832e+09,"valid/mape":0.1514,"test/horizon_mae":0.4369,"train/loss":0.2022,"epoch":50,"test/avg_rmse":0.5081,"_step":175,"test/horizon_mape":-0.1726,"train/mape":0.0815,"best_valid/loss":0.3657,"_runtime":107.156216982,"test/avg_mae":0.3601,"horizon":12,"_wandb":{"runtime":107}}