{"test_batches":520,"final_test_rmse":0.207195,"test_mape_node_max":4.291585216479386,"val_mae_norm":0.6633582190692674,"test_mape_norm":0.9277582506110351,"val_mape_norm":0.9033373352629572,"val_mape":1.0496703380379828,"test_rmse_norm":1.1498294526091952,"test_rmse_node_max":0.339018962555573,"test_mape_node_std":1.1972600375258156,"final_test_mape":1.381826,"test_rmse_node_mean":0.18418709226770288,"best_val_mae":0.11197801340732812,"epoch_time":9.312309980392456,"test_mae_node_min":0.02073546594266813,"_wandb":{"runtime":31},"test_mae_node_mean":0.14666376891605684,"test_mae_norm":0.8385033768519019,"test_mae_node_max":0.3084730398937568,"test_rmse_node_std":0.09489395325440268,"experiment_name":"France_processed_0_20250526_232022","test_horizon":3,"val_mae":0.11197801340732812,"test_data_shape":"16652x10","final_test_mae":0.146664,"test_device":"cuda:0","test_rmse":0.207194950040488,"train_loss":0.5858901510652378,"_runtime":31.054252986,"final_test_mape_node_best":0.09796918150831617,"test_mae":0.14666376891605662,"interrupted":true,"final_test_rmse_node_worst":0.339018962555573,"final_test_mae_node_best":0.02073546594266813,"val_rmse":0.16119845634613322,"val_rmse_norm":0.934960876313803,"test_samples":16638,"_step":12,"final_test_mae_node_count":10,"total_train_time_min":0,"total_eval_time_min":0.0199,"final_test_mape_node_worst":4.291585216479386,"best_epoch":1,"dataset_name":"France_processed_0","test_mape_node_min":0.09796918150831617,"test_mape":1.381826457711311,"test_batch_size":32,"test_norm_method":"z_score","test_mape_node_mean":1.381826457711311,"test_duration_seconds":1.185691,"run_id":0,"test_rmse_node_min":0.030672619579478224,"test_mae_node_std":0.08205441742421625,"epoch":1,"total_params":1059083,"_timestamp":1.7482944545157428e+09,"final_test_rmse_node_best":0.030672619579478224,"final_test_mae_node_worst":0.3084730398937568,"test_window_size":12,"learning_rate":0.0001}