{"_timestamp":1.7482638507712233e+09,"_runtime":15.335726485,"_step":1,"interrupted":true,"_wandb":{"runtime":15},"total_params":1059815}