{"train/rmse":0.0299,"test/horizon_mae":0.0203,"test/avg_rmse":0.0344,"best_valid/loss":0.0195,"test/avg_mae":0.0189,"valid/rmse":0.0308,"horizon":96,"valid/loss":0.0195,"_runtime":317.200832965,"train/mape":0.1092,"test/avg_mape":0.1446,"_timestamp":1.7559571398527732e+09,"test/horizon_rmse":0.0359,"train/loss":0.0177,"valid/mape":0.1304,"test/horizon_mape":0.1561,"_wandb":{"runtime":317},"epoch":5,"_step":213}