{"total_train_time":8.048351283868154,"epoch_time":8.651060819625854,"total_params":1059083,"final_test_mape":0.7226732183235652,"test_rmse":729.0493674199871,"best_epoch":24,"best_val_mae":354.7178691696627,"val_mape":0.5223861727423087,"total_eval_time":0.008246715863545735,"test_mape_norm":0.4656277185824319,"test_rmse_norm":0.3618441716169265,"final_test_rmse":729.0493674199871,"_timestamp":1.7482630708495114e+09,"val_mape_norm":0.5667894173336935,"test_mae_norm":0.20075875426109657,"learning_rate":9.765625e-08,"_step":120,"val_rmse_norm":0.4089898444576676,"train_loss":0.06142469936596175,"val_mae_norm":0.22222995031334059,"run_id":0,"_runtime":484.176190253,"_wandb":{"runtime":484},"val_rmse":720.3886880117061,"test_mape":0.7226732183235652,"val_mae":356.3331666063325,"final_test_mae":353.3205497289151,"epoch":49,"test_mae":353.3205497289151}