{"train/rmse":0.5569,"_wandb":{"runtime":141},"_timestamp":1.7560152928359113e+09,"_runtime":141.76142183299999,"_step":0,"epoch":0,"train/loss":0.4544,"train/mape":-0.0314}