{"valid/rmse":0.0292,"epoch":10,"valid/loss":0.0181,"train/mape":0.0993,"test/avg_mae":0.0176,"test/avg_mape":0.136,"train/rmse":0.0326,"test/horizon_mae":0.0197,"_timestamp":1.7559682043113232e+09,"test/horizon_mape":0.1536,"best_valid/loss":0.018,"_step":318,"horizon":96,"_wandb":{"runtime":1172},"test/avg_rmse":0.0315,"test/horizon_rmse":0.0341,"train/loss":0.0164,"_runtime":1172.740871054,"valid/mape":0.117}