{"experiment_name":"ECG_data_20250526_154836","interrupted":true,"final_test_mape_node_best":0.319083230236413,"_wandb":{"runtime":8},"_runtime":8.088305832,"test_mae_norm":0.6450923417393284,"test_data_shape":"500x140","total_eval_time_min":0.0028,"final_test_mae":0.326628,"total_train_time_min":0,"test_mape_node_max":1.5028462271172183,"train_loss":0.8189436541784794,"test_rmse_node_max":1.4960248995991998,"test_batch_size":32,"test_mae_node_mean":0.3266278759231302,"val_rmse":0.6162234573002273,"test_mae":0.32662787592313025,"run_id":0,"_timestamp":1.7482673256587584e+09,"final_test_rmse_node_best":0.19880375449490145,"final_test_mae_node_best":0.13160169627402415,"final_test_rmse_node_worst":1.4960248995991998,"test_mape_norm":1.092260691090288,"final_test_mae_node_worst":1.164499192324733,"best_val_mae":0.36159092810334,"final_test_mape_node_worst":1.5028462271172183,"best_epoch":2,"final_test_mape":0.879323,"test_rmse_node_mean":0.45073803038871124,"test_rmse_node_std":0.29763733458764546,"test_mae_node_max":1.164499192324733,"test_mape_node_std":0.2818118639889706,"val_mae":0.36159092810334,"val_mape":0.9147033680469776,"test_samples":486,"test_mae_node_min":0.13160169627402415,"test_mape":0.879322865154653,"final_test_rmse":0.540141,"val_mape_norm":0.9343086637921824,"test_norm_method":"z_score","val_rmse_norm":0.9370254395780694,"test_duration_seconds":0.15432,"final_test_mae_node_count":140,"test_horizon":3,"_step":15,"val_mae_norm":0.6830289467536085,"test_mape_node_min":0.319083230236413,"test_rmse_norm":0.9113069956068917,"test_rmse":0.5401414212769955,"test_mape_node_mean":0.879322865154653,"test_mae_node_std":0.23507205640862455,"epoch_time":1.5870873928070068,"learning_rate":0.0001,"total_params":1123303,"epoch":2,"test_device":"cuda:0","test_batches":16,"test_window_size":12,"test_rmse_node_min":0.19880375449490145,"dataset_name":"ECG_data"}