{"_timestamp":1.7559527021601257e+09,"test/avg_rmse":0.0331,"valid/mape":0.1242,"horizon":96,"epoch":5,"_wandb":{"runtime":594},"best_valid/loss":0.0189,"_runtime":594.138771755,"test/horizon_mae":0.0198,"valid/loss":0.0192,"test/horizon_mape":0.1562,"test/avg_mape":0.1434,"valid/rmse":0.0307,"test/avg_mae":0.0185,"train/loss":0.0157,"_step":213,"test/horizon_rmse":0.0345,"train/rmse":0.0247,"train/mape":0.1022}