{"_runtime":169.05882475,"_step":0,"epoch":0,"train/loss":0.4552,"train/mape":-0.0235,"train/rmse":0.556,"_timestamp":1.7560151161658316e+09,"_wandb":{"runtime":169}}