{"final_test_rmse":0.207195,"learning_rate":0.0001,"final_test_rmse_node_worst":0.339018962555573,"_runtime":32.146207585,"test_device":"cuda:0","test_mae_node_mean":0.14666376891605684,"test_mae":0.14666376891605662,"val_rmse":0.16123236280578532,"run_id":0,"test_rmse_node_mean":0.18418709226770288,"test_rmse_norm":1.1498294526091952,"epoch_time":8.81239128112793,"final_test_mae_node_worst":0.3084730398937568,"_step":13,"val_mae":0.11215788442188125,"test_norm_method":"z_score","test_duration_seconds":1.121577,"test_horizon":3,"final_test_mape":1.381826,"train_loss":0.582560386862616,"total_params":1059083,"test_rmse_node_max":0.339018962555573,"final_test_mape_node_worst":4.291585216479386,"total_train_time_min":0.4872,"experiment_name":"France_processed_0_20250526_232121","final_test_mae_node_best":0.02073546594266813,"_timestamp":1.7482945143723655e+09,"best_epoch":1,"_wandb":{"runtime":32},"val_mape":1.0488704809501865,"test_mae_node_max":0.3084730398937568,"val_rmse_norm":0.9349560649280388,"test_mae_node_std":0.08205441742421625,"test_rmse_node_std":0.09489395325440268,"total_eval_time_min":0.0189,"test_mape_node_mean":1.381826457711311,"dataset_name":"France_processed_0","final_test_mae_node_count":10,"val_mape_norm":0.8934547290795917,"test_mape_node_min":0.09796918150831617,"test_batch_size":32,"test_batches":520,"test_mape":1.381826457711311,"val_mae_norm":0.6640267698751158,"test_mae_node_min":0.02073546594266813,"test_rmse":0.207194950040488,"final_test_rmse_node_best":0.030672619579478224,"test_mae_norm":0.8385033768519019,"final_test_mae":0.146664,"best_val_mae":0.11197801340732812,"epoch":2,"test_data_shape":"16652x10","test_samples":16638,"test_window_size":12,"test_mape_node_std":1.1972600375258156,"test_mape_norm":0.9277582506110351,"test_rmse_node_min":0.030672619579478224,"test_mape_node_max":4.291585216479386,"final_test_mape_node_best":0.09796918150831617}