{"_timestamp":1.7559851463305674e+09,"valid/mape":0.0696,"train/rmse":0.0178,"test/horizon_rmse":0.0268,"test/horizon_mae":0.015,"_runtime":3172.153390323,"best_valid/loss":0.011,"horizon":12,"test/avg_mape":0.0958,"test/avg_rmse":0.0238,"test/avg_mae":0.0127,"valid/rmse":0.0205,"epoch":50,"_wandb":{"runtime":3172},"train/mape":0.0612,"_step":1074,"valid/loss":0.011,"test/horizon_mape":0.1161,"train/loss":0.0097}