{"total_params":1059815,"test_mae_norm":0.2095714605935909,"val_mape":0.3304785947410305,"_runtime":1937.668452033,"epoch":49,"final_test_mape":0.622527484364431,"learning_rate":9.765625e-08,"test_rmse":679.6395288416333,"test_mape_norm":0.3184815477408261,"_timestamp":1.7482660378563864e+09,"val_rmse":381.1780325821422,"val_mae":159.50390652307087,"val_rmse_norm":0.2594050490968679,"test_mape":0.622527484364431,"_step":123,"best_epoch":43,"val_mae_norm":0.11248648321533271,"test_rmse_norm":0.43033086480364985,"total_eval_time":0.039664733409881595,"final_test_mae":327.3107282824385,"total_train_time":32.23839963277181,"train_loss":0.03292083985118782,"val_mape_norm":0.28386109673348026,"epoch_time":33.92911076545715,"run_id":0,"test_mae":327.3107282824385,"_wandb":{"runtime":1937},"best_val_mae":159.19433940291768,"final_test_rmse":679.6395288416333}