{"train/mape":0.0963,"valid/mape":0.1151,"test/avg_mae":0.0178,"train/loss":0.0153,"train/rmse":0.0251,"test/avg_mape":0.1387,"horizon":96,"test/avg_rmse":0.0315,"_wandb":{"runtime":1166},"_runtime":1166.295175396,"_step":318,"valid/loss":0.0183,"epoch":10,"test/horizon_mae":0.0197,"test/horizon_mape":0.1536,"test/horizon_rmse":0.0342,"valid/rmse":0.0296,"_timestamp":1.7559699799963849e+09,"best_valid/loss":0.0182}