{"epoch":10,"train/loss":0.0159,"train/rmse":0.026,"_timestamp":1.7559634388365145e+09,"_step":318,"valid/mape":0.1219,"valid/loss":0.0183,"_runtime":613.100119625,"best_valid/loss":0.0176,"test/horizon_rmse":0.0336,"valid/rmse":0.0285,"test/avg_mape":0.1356,"train/mape":0.098,"test/horizon_mape":0.1514,"test/avg_mae":0.0172,"horizon":96,"test/horizon_mae":0.0193,"_wandb":{"runtime":613},"test/avg_rmse":0.0308}