{"_wandb":{"runtime":155},"learning_rate":0.0001,"test_rmse":939.8526751975156,"test_mae_norm":0.26048028099246384,"test_mape_norm":0.36980183949724643,"test_rmse_norm":0.5392280626869287,"total_train_time":0,"total_params":1059815,"train_loss":0.040606986891070285,"best_val_mae":236.2482575263167,"best_epoch":2,"test_mae":433.85471114631235,"_timestamp":1.7482640250840049e+09,"val_mape":0.35961747920437614,"_runtime":155.199934751,"val_rmse_norm":0.30524671494514855,"test_mape":0.6380149576647521,"final_test_rmse":939.8526751975156,"total_eval_time":0.0435118834177653,"val_mape_norm":0.34743328123721356,"interrupted":true,"val_rmse":566.1061660131559,"epoch":2,"final_test_mape":0.6380149576647521,"final_test_mae":433.85471114631235,"run_id":0,"_step":12,"epoch_time":37.89223766326904,"val_mae":236.2482575263167,"val_mae_norm":0.14520026480495443}