{"best_valid/loss":0.3665,"valid/mape":0.1356,"valid/loss":0.3996,"test/avg_mape":-0.0434,"_timestamp":1.7559820351670113e+09,"train/loss":0.1943,"train/rmse":0.3353,"horizon":12,"train/mape":0.084,"test/horizon_mape":-0.1337,"_wandb":{"runtime":106},"test/horizon_mae":0.4331,"test/horizon_rmse":0.5593,"test/avg_mae":0.3577,"valid/rmse":0.5596,"test/avg_rmse":0.5073,"_step":175,"epoch":50,"_runtime":106.955849097}