{"_timestamp":1.7560154843026416e+09,"_runtime":112.534612048,"_step":0,"epoch":0,"_wandb":{"runtime":112},"train/loss":0.4455,"train/mape":0.0557,"train/rmse":0.5382}